Expression/Word;Normalized Frequency
one;0.3669934606800302
little;0.2945456461102525
nightmare;0.24066258402398033
story;0.22990861154877895
little nightmare;0.21507944950402758
play;0.19153390976884982
time;0.18440232802213732
really;0.18315713120921928
amazing;0.17511995178038456
puzzle;0.14885761899884015
two;0.1480652210269832
fun;0.12712327462790682
game;0.1256516783944582
horror;0.11263371171395128
atmosphere;0.10753972475201379
played;0.10731332533148323
make;0.10131374068742352
buy;0.09667255256654714
control;0.09440855836124158
gameplay;0.08965417053009991
best;0.08806937458638603
way;0.0871637769042638
worth;0.08501298240922353
feel;0.0836545858860402
character;0.08274898820391798
nightmare two;0.08139059168073465
little nightmare two;0.08082459312940826
ending;0.07833419950357215
playing;0.07742860182144992
graphic;0.07697580298038882
experience;0.07640980442906242
design;0.0760702052982666
thing;0.07210821543898188
hour;0.07131581746712494
creepy;0.06678782905651383
three;0.06656142963598327
scary;0.0648634339820041
loved;0.06418423572041244
bit;0.06293903890749439
beautiful;0.06271263948696383
short;0.06203344122537217
world;0.05886384933794439
overall;0.058637449917413834
definitely;0.058297850786618
level;0.057505452814761056
sound;0.056486655422373556
buy buy buy;0.055694257450516614
say;0.05546785802998606
music;0.05501505918892495
sequel;0.05410946150680273
think;0.053656662665741615
spoiler;0.05252466556308884
art;0.05241146585282356
mechanic;0.05207186672202773
want;0.04958147309619162
absolutely;0.04946827338592634
got;0.04810987686274301
end;0.04799667715247773
new;0.04799667715247773
hand;0.04754387831141662
second;0.04743067860115135
enemy;0.04641188120876385
hard;0.04641188120876385
bad;0.04618548178823329
mono;0.04482708526504996
frustrating;0.04414788700345829
original;0.04414788700345829
bug;0.04369508816239718
long;0.0435818884521319
enjoyed;0.04131789424682635
price;0.04052549627496941
pretty;0.04041229656470413
need;0.03984629801337774
moment;0.03973309830311246
awesome;0.03894070033125552
chapter;0.0380351026491333
highly;0.037129504967011076
fantastic;0.0370163052567458
visuals;0.03656350641568469
monster;0.036223907284888855
perfect;0.036223907284888855
know;0.03588430815409302
nice;0.03543150931303191
masterpiece;0.0349787104719708
interesting;0.03475231105144024
work;0.034412711920644413
dark;0.034299512210379135
look;0.034186312500113857
liked;0.0339599130795833
point;0.033393914528256914
wait;0.033280714817991636
right;0.03316751510772636
series;0.03316751510772636
controller;0.0329411156871958
going;0.03282791597693052
felt;0.032261917425604136
hope;0.03158271916401247
dlc;0.031469519453747194
run;0.03112992032295136
combat;0.030563921771624973
section;0.030224322640829138
environment;0.03011112293056386
player;0.029997923220298584
hold;0.029771523799768027
issue;0.029771523799768027
sale;0.029318724958706917
jump;0.028752726407380528
review;0.028752726407380528
soundtrack;0.028526326986849974
one best;0.028299927566319417
quite;0.028299927566319417
cool;0.028073528145788864
try;0.027620729304727754
achievement;0.027507529594462475
incredible;0.027394329884197197
part;0.027281130173931918
style;0.027281130173931918
enjoy;0.02716793046366664
nightmare one;0.02671513162260553
especially;0.026601931912340254
fan;0.02626233278154442
come;0.026035933361013865
flashlight;0.026035933361013865
little nightmare one;0.025922733650748587
scene;0.02580953394048331
looking;0.025469934809687476
far;0.02524353538915692
getting;0.02524353538915692
people;0.02524353538915692
chase;0.024903936258361088
difficult;0.024903936258361088
keyboard;0.023998338576238867
scare;0.023998338576238867
easy;0.02377193915570831
hat;0.023658739445443035
feeling;0.023205940604381924
super;0.023092740894116646
different;0.022979541183851367
start;0.02286634147358609
big;0.02275314176332081
sound design;0.022526742342790257
area;0.02241354263252498
unique;0.02241354263252498
longer;0.0223003429222597
problem;0.0223003429222597
sequence;0.0223003429222597
actually;0.022187143211994425
hospital;0.022187143211994425
sure;0.022187143211994425
money;0.022073943501729146
favorite;0.021960743791463868
hold hand;0.02184754408119859
stuck;0.02184754408119859
mannequin;0.02139474524013748
yes;0.0212815455298722
atmospheric;0.02094194639907637
took;0.02094194639907637
die;0.020602347268280537
wish;0.020602347268280537
terrifying;0.020489147558015258
challenging;0.02037594784774998
lore;0.02037594784774998
use;0.02037594784774998
finished;0.020262748137484705
making;0.020149548427219426
thought;0.020036348716954148
probably;0.019809949296423594
left;0.01947035016562776
year;0.01947035016562776
annoying;0.01890435161430137
excellent;0.01890435161430137
kind;0.01890435161430137
life;0.018677952193770817
twist;0.018677952193770817
game played;0.018564752483505538
prequel;0.018564752483505538
trying;0.018564752483505538
error;0.01845155277324026
spooky;0.01845155277324026
tell;0.018225153352709706
plot;0.018111953642444428
let;0.01799875393217915
recommended;0.01799875393217915
add;0.01788555422191387
maybe;0.017659154801383317
opinion;0.01754595509111804
place;0.01754595509111804
room;0.01754595509111804
away;0.017319555670587485
clunky;0.017319555670587485
honestly;0.017319555670587485
stop;0.017319555670587485
stunning;0.017093156250056928
heart;0.01697995653979165
horror game;0.01697995653979165
cute;0.016866756829526375
death;0.016866756829526375
finish;0.01641395798846526
line;0.01641395798846526
nightmare three;0.01641395798846526
sense;0.01641395798846526
man;0.01596115914740415
little nightmare three;0.015847959437138875
small;0.015847959437138875
truly;0.015734759726873597
depth;0.015508360306343042
enjoyable;0.015395160596077763
help;0.015395160596077763
best game;0.015168761175547208
adventure;0.01505556146528193
certain;0.01505556146528193
watch;0.01505556146528193
glitch;0.014829162044751374
main;0.014829162044751374
said;0.014829162044751374
direction;0.014715962334486098
mind;0.014715962334486098
mouse;0.014715962334486098
movement;0.01460276262422082
developer;0.014489562913955542
complete;0.014376363203690264
tarsier;0.014376363203690264
minute;0.014263163493424987
one best game;0.014263163493424987
piece;0.014263163493424987
simply;0.014149963783159709
able;0.013923564362629154
beat;0.013923564362629154
extremely;0.013923564362629154
visual;0.013923564362629154
get;0.013697164942098598
setting;0.013697164942098598
average;0.013357565811302765
checkpoint;0.013357565811302765
friend;0.013357565811302765
running;0.013357565811302765
single;0.013357565811302765
set;0.013244366101037488
understand;0.013244366101037488
art style;0.01313116639077221
aspect;0.01313116639077221
camera;0.01313116639077221
hit;0.013017966680506933
word;0.013017966680506933
grab;0.012904766970241654
previous;0.012904766970241654
secret;0.012904766970241654
wonderful;0.012904766970241654
animation;0.012791567259976377
immersive;0.012791567259976377
scared;0.012791567259976377
audio;0.012678367549711099
day;0.012678367549711099
high;0.012678367549711099
idea;0.012678367549711099
reason;0.012565167839445822
story line;0.012565167839445822
trial;0.012565167839445822
dont;0.012451968129180544
element;0.012451968129180544
key;0.012451968129180544
action;0.012338768418915267
entire;0.012338768418915267
franchise;0.012338768418915267
minor;0.012338768418915267
real;0.012338768418915267
challenge;0.012225568708649989
platforming;0.012225568708649989
disturbing;0.01211236899838471
fear;0.01211236899838471
kinda;0.01211236899838471
literally;0.01211236899838471
progress;0.01211236899838471
take;0.01211236899838471
using;0.01211236899838471
amazing story;0.011999169288119433
holding;0.011999169288119433
perfectly;0.011999169288119433
predecessor;0.011999169288119433
quality;0.011999169288119433
trial error;0.011999169288119433
completely;0.011885969577854155
couple;0.011885969577854155
expect;0.011885969577854155
fuck;0.011885969577854155
incredibly;0.011885969577854155
platformer;0.011885969577854155
replay;0.011772769867588878
video;0.011772769867588878
job;0.0116595701573236
play one;0.0116595701573236
wanted;0.0116595701573236
worth price;0.0116595701573236
grind;0.011546370447058323
solve;0.011546370447058323
storytelling;0.011546370447058323
studio;0.011546370447058323
tho;0.011546370447058323
hate;0.011433170736793044
inside;0.011433170736793044
instead;0.011433170736793044
length;0.011433170736793044
shit;0.011433170736793044
buying;0.011319971026527768
compared;0.011319971026527768
kid;0.011319971026527768
absolute;0.01120677131626249
edge;0.01120677131626249
forward;0.01120677131626249
really enjoyed;0.011093571605997212
difficulty;0.010980371895731934
fucking;0.010980371895731934
content;0.010867172185466657
eerie;0.010867172185466657
half;0.010867172185466657
intense;0.010867172185466657
item;0.010867172185466657
best game played;0.010753972475201379
designed;0.010753972475201379
fight;0.010753972475201379
one favorite;0.010753972475201379
timing;0.010753972475201379
used;0.010753972475201379
waiting;0.010753972475201379
creative;0.0106407727649361
god;0.0106407727649361
simple;0.0106407727649361
solid;0.0106407727649361
teacher;0.0106407727649361
totally;0.0106407727649361
brilliant;0.010527573054670824
follow;0.010527573054670824
liked one;0.010527573054670824
mean;0.010527573054670824
object;0.010527573054670824
stuff;0.010527573054670824
wow;0.010527573054670824
easily;0.010414373344405545
gorgeous;0.010414373344405545
light;0.010414373344405545
scarier;0.010414373344405545
shi;0.010414373344405545
child;0.010301173634140268
loved one;0.010301173634140268
played one;0.010301173634140268
seen;0.010301173634140268
tense;0.010301173634140268
title;0.010301173634140268
turn;0.010301173634140268
addition;0.01018797392387499
credit;0.010074774213609713
edition;0.010074774213609713
level design;0.010074774213609713
solving;0.010074774213609713
improved;0.009961574503344435
narrative;0.009961574503344435
one two;0.009961574503344435
tension;0.009961574503344435
thinking;0.009961574503344435
complaint;0.009848374793079158
frustration;0.009848374793079158
fun play;0.009848374793079158
hell;0.009848374793079158
exactly;0.00973517508281388
fact;0.00973517508281388
came;0.009621975372548603
decent;0.009621975372548603
gave;0.009621975372548603
leave;0.009621975372548603
restart;0.009621975372548603
con;0.009508775662283324
genre;0.009508775662283324
question;0.009508775662283324
steam;0.009508775662283324
type;0.009508775662283324
unsettling;0.009508775662283324
went;0.009508775662283324
wrong;0.009508775662283324
future;0.009395575952018047
give;0.009395575952018047
really fun;0.009395575952018047
dying;0.009282376241752769
effect;0.009282376241752769
needed;0.009282376241752769
phenomenal;0.009282376241752769
boss;0.009169176531487492
creature;0.009169176531487492
despite;0.009169176531487492
favourite;0.009169176531487492
harder;0.009169176531487492
improvement;0.009169176531487492
storyline;0.009169176531487492
change;0.009055976821222214
fix;0.009055976821222214
past;0.009055976821222214
pro;0.009055976821222214
school;0.009055976821222214
similar;0.009055976821222214
weird;0.009055976821222214
best played;0.008942777110956935
check;0.008942777110956935
encounter;0.008942777110956935
gonna;0.008942777110956935
personally;0.008942777110956935
playthrough;0.008942777110956935
devs;0.008829577400691659
died;0.008829577400691659
kept;0.008829577400691659
bought;0.00871637769042638
escape;0.00871637769042638
example;0.00871637769042638
guy;0.00871637769042638
huge;0.00871637769042638
keep;0.00871637769042638
damn;0.008603177980161103
guess;0.008603177980161103
head;0.008603177980161103
slow;0.008603177980161103
jump scare;0.008489978269895825
multiple;0.008489978269895825
tarsier studio;0.008489978269895825
worth money;0.008489978269895825
button;0.008376778559630548
kill;0.008376778559630548
universe;0.008376778559630548
best horror;0.00826357884936527
bos;0.00826357884936527
care;0.00826357884936527
figure;0.00826357884936527
vibe;0.00826357884936527
youtube;0.00826357884936527
building;0.008150379139099993
coming;0.008150379139099993
dialogue;0.008150379139099993
fall;0.008150379139099993
favorite game;0.008150379139099993
play little;0.008150379139099993
theory;0.008150379139099993
city;0.008037179428834714
definitely worth;0.008037179428834714
detail;0.008037179428834714
fast;0.008037179428834714
telling;0.008037179428834714
theme;0.008037179428834714
completed;0.007923979718569438
expected;0.007923979718569438
neck;0.007923979718569438
negative;0.007923979718569438
new mechanic;0.007923979718569438
visually;0.007923979718569438
beautifully;0.007810780008304159
build;0.007810780008304159
character design;0.007810780008304159
girl;0.007810780008304159
hoping;0.007810780008304159
immersion;0.007810780008304159
learn;0.007810780008304159
memorable;0.007810780008304159
term;0.007810780008304159
added;0.007697580298038882
boy;0.007697580298038882
happened;0.007697580298038882
intriguing;0.007697580298038882
played little;0.007697580298038882
unless;0.007697580298038882
lot;0.007584380587773604
played little nightmare;0.007584380587773604
possible;0.007584380587773604
soon;0.007584380587773604
soul;0.007584380587773604
thrilling;0.007584380587773604
wait sale;0.007584380587773604
brain;0.007471180877508326
disappointed;0.007471180877508326
engaging;0.007471180877508326
leaf;0.007471180877508326
lol;0.007471180877508326
moving;0.007471180877508326
outstanding;0.007471180877508326
save;0.007471180877508326
story amazing;0.007471180877508326
chase scene;0.007357981167243049
happen;0.007357981167243049
horrifying;0.007357981167243049
journey;0.007357981167243049
concept;0.007244781456977771
final;0.007244781456977771
release;0.007244781456977771
remember;0.007244781456977771
slightly;0.007244781456977771
twisted;0.007244781456977771
zero;0.007244781456977771
attack;0.007131581746712494
chase sequence;0.007131581746712494
enhanced;0.007131581746712494
free;0.007131581746712494
impossible;0.007131581746712494
ive;0.007131581746712494
lack;0.007131581746712494
little bit;0.007131581746712494
angle;0.007018382036447216
companion;0.007018382036447216
fine;0.007018382036447216
happy;0.007018382036447216
order;0.007018382036447216
spent;0.007018382036447216
true;0.007018382036447216
version;0.007018382036447216
attention;0.006905182326181938
cause;0.006905182326181938
plus;0.006905182326181938
suspense;0.006905182326181938
team;0.006905182326181938
absolutely amazing;0.00679198261591666
heard;0.00679198261591666
mystery;0.00679198261591666
worth playing;0.00679198261591666
amazing graphic;0.006678782905651382
buggy;0.006678782905651382
fixed;0.006678782905651382
jumping;0.006678782905651382
miss;0.006678782905651382
mysterious;0.006678782905651382
perception;0.006678782905651382
wanting;0.006678782905651382
finally;0.006565583195386105
limbo;0.006565583195386105
play little nightmare;0.006565583195386105
repeat;0.006565583195386105
satisfying;0.006565583195386105
screen;0.006565583195386105
supposed;0.006565583195386105
aesthetic;0.006452383485120827
exciting;0.006452383485120827
explore;0.006452383485120827
old;0.006452383485120827
one favorite game;0.006452383485120827
protagonist;0.006452383485120827
started;0.006452383485120827
thank;0.006452383485120827
unfortunately;0.006452383485120827
weapon;0.006452383485120827
basically;0.0063391837748555495
close;0.0063391837748555495
crafted;0.0063391837748555495
deep;0.0063391837748555495
giving;0.0063391837748555495
jumpscares;0.0063391837748555495
near;0.0063391837748555495
person;0.0063391837748555495
yeah;0.0063391837748555495
clever;0.006225984064590272
collectible;0.006225984064590272
computer;0.006225984064590272
excited;0.006225984064590272
extra;0.006225984064590272
pick;0.006225984064590272
answer;0.006112784354324994
believe;0.006112784354324994
breaking;0.006112784354324994
crazy;0.006112784354324994
door;0.006112784354324994
expectation;0.006112784354324994
feature;0.006112784354324994
fit;0.006112784354324994
general;0.006112784354324994
hidden;0.006112784354324994
plot twist;0.006112784354324994
regret;0.006112784354324994
stupid;0.006112784354324994
tried;0.006112784354324994
usually;0.006112784354324994
watching;0.006112784354324994
disappoint;0.005999584644059717
go;0.005999584644059717
looking forward;0.005999584644059717
second one;0.005999584644059717
special;0.005999584644059717
suck;0.005999584644059717
wall;0.005999584644059717
artistic;0.005886384933794439
emotion;0.005886384933794439
eye;0.005886384933794439
face;0.005886384933794439
genuinely;0.005886384933794439
horror puzzle;0.005886384933794439
mood;0.005886384933794439
pant;0.005886384933794439
platform;0.005886384933794439
pre;0.005886384933794439
seat;0.005886384933794439
smooth;0.005886384933794439
terrible;0.005886384933794439
based;0.0057731852235291614
caught;0.0057731852235291614
chapter three;0.0057731852235291614
depth perception;0.0057731852235291614
okay;0.0057731852235291614
open;0.0057731852235291614
perspective;0.0057731852235291614
situation;0.0057731852235291614
beginning;0.005659985513263884
box;0.005659985513263884
corner;0.005659985513263884
make feel;0.005659985513263884
positive;0.005659985513263884
pull;0.005659985513263884
puzzle solving;0.005659985513263884
sort;0.005659985513263884
suggest;0.005659985513263884
thanks;0.005659985513263884
epic;0.005546785802998606
forget;0.005546785802998606
haunting;0.005546785802998606
managed;0.005546785802998606
mention;0.005546785802998606
missing;0.005546785802998606
spot;0.005546785802998606
aim;0.005433586092733329
art direction;0.005433586092733329
break;0.005433586092733329
course;0.005433586092733329
emotional;0.005433586092733329
filled;0.005433586092733329
lost;0.005433586092733329
movie;0.005433586092733329
notch;0.005433586092733329
offer;0.005433586092733329
one time;0.005433586092733329
pacing;0.005433586092733329
paint;0.005433586092733329
que;0.005433586092733329
sound effect;0.005433586092733329
tag;0.005433586092733329
taking;0.005433586092733329
tiny;0.005433586092733329
took hour;0.005433586092733329
amazing atmosphere;0.00532038638246805
ambiance;0.00532038638246805
broken;0.00532038638246805
clear;0.00532038638246805
confusing;0.00532038638246805
constantly;0.00532038638246805
frustrated;0.00532038638246805
given;0.00532038638246805
glad;0.00532038638246805
highly recommended;0.00532038638246805
knew;0.00532038638246805
matter;0.00532038638246805
play time;0.00532038638246805
saying;0.00532038638246805
step;0.00532038638246805
thumb;0.00532038638246805
twice;0.00532038638246805
wanna;0.00532038638246805
bigger;0.0052071866722027725
continue;0.0052071866722027725
dollar;0.0052071866722027725
graphic amazing;0.0052071866722027725
installment;0.0052071866722027725
keyboard mouse;0.0052071866722027725
reality;0.0052071866722027725
require;0.0052071866722027725
solution;0.0052071866722027725
tedious;0.0052071866722027725
told;0.0052071866722027725
walking;0.0052071866722027725
worthy;0.0052071866722027725
artwork;0.005093986961937495
avoid;0.005093986961937495
cheap;0.005093986961937495
edge seat;0.005093986961937495
ended;0.005093986961937495
gaming;0.005093986961937495
hey;0.005093986961937495
http;0.005093986961937495
later;0.005093986961937495
long time;0.005093986961937495
lovely;0.005093986961937495
master;0.005093986961937495
music sound;0.005093986961937495
necessary;0.005093986961937495
number;0.005093986961937495
one game;0.005093986961937495
quickly;0.005093986961937495
spare;0.005093986961937495
story telling;0.005093986961937495
value;0.005093986961937495
biggest;0.004980787251672217
case;0.004980787251672217
create;0.004980787251672217
dlcs;0.004980787251672217
edit;0.004980787251672217
happens;0.004980787251672217
hide;0.004980787251672217
missed;0.004980787251672217
nightmare game;0.004980787251672217
one play;0.004980787251672217
polished;0.004980787251672217
quick;0.004980787251672217
ran;0.004980787251672217
ruined;0.004980787251672217
score;0.004980787251672217
support;0.004980787251672217
voice;0.004980787251672217
walk;0.004980787251672217
adorable;0.00486758754140694
certainly;0.00486758754140694
enjoying;0.00486758754140694
fail;0.00486758754140694
fighting;0.00486758754140694
forced;0.00486758754140694
hammer;0.00486758754140694
killed;0.00486758754140694
liao;0.00486758754140694
little nightmare game;0.00486758754140694
major;0.00486758754140694
nightmare little;0.00486758754140694
partner;0.00486758754140694
poor;0.00486758754140694
price tag;0.00486758754140694
reach;0.00486758754140694
read;0.00486758754140694
rest;0.00486758754140694
scenery;0.00486758754140694
stage;0.00486758754140694
alot;0.004754387831141662
attempt;0.004754387831141662
bandai;0.004754387831141662
creepier;0.004754387831141662
deluxe;0.004754387831141662
drop;0.004754387831141662
enjoyed one;0.004754387831141662
fun puzzle;0.004754387831141662
gripe;0.004754387831141662
holding hand;0.004754387831141662
important;0.004754387831141662
insane;0.004754387831141662
lighting;0.004754387831141662
loved little;0.004754387831141662
maw;0.004754387831141662
pay;0.004754387831141662
playtime;0.004754387831141662
repetitive;0.004754387831141662
seriously;0.004754387831141662
stealth;0.004754387831141662
straight;0.004754387831141662
three hour;0.004754387831141662
unexpected;0.004754387831141662
wise;0.004754387831141662
aside;0.0046411881208763845
chilling;0.0046411881208763845
com;0.0046411881208763845
detailed;0.0046411881208763845
holy;0.0046411881208763845
horrible;0.0046411881208763845
indie;0.0046411881208763845
like;0.0046411881208763845
loved little nightmare;0.0046411881208763845
night;0.0046411881208763845
one thing;0.0046411881208763845
option;0.0046411881208763845
press;0.0046411881208763845
segment;0.0046411881208763845
somewhat;0.0046411881208763845
stick;0.0046411881208763845
story little;0.0046411881208763845
touch;0.0046411881208763845
world building;0.0046411881208763845
actual;0.004527988410611107
conclusion;0.004527988410611107
dark soul;0.004527988410611107
deal;0.004527988410611107
doctor;0.004527988410611107
enhanced edition;0.004527988410611107
improves;0.004527988410611107
interaction;0.004527988410611107
interesting story;0.004527988410611107
lady;0.004527988410611107
main character;0.004527988410611107
make sense;0.004527988410611107
penny;0.004527988410611107
plenty;0.004527988410611107
purchase;0.004527988410611107
rating;0.004527988410611107
really liked;0.004527988410611107
rich;0.004527988410611107
saw;0.004527988410611107
spoil;0.004527988410611107
strong;0.004527988410611107
two three;0.004527988410611107
variety;0.004527988410611107
worse;0.004527988410611107
adult;0.004414788700345829
ask;0.004414788700345829
beautiful graphic;0.004414788700345829
creepy atmosphere;0.004414788700345829
deserves;0.004414788700345829
janky;0.004414788700345829
live;0.004414788700345829
minor bug;0.004414788700345829
solve puzzle;0.004414788700345829
start finish;0.004414788700345829
tight;0.004414788700345829
wonky;0.004414788700345829
working;0.004414788700345829
apart;0.004301588990080552
boring;0.004301588990080552
clearly;0.004301588990080552
experienced;0.004301588990080552
factor;0.004301588990080552
funny;0.004301588990080552
hunter;0.004301588990080552
location;0.004301588990080552
mix;0.004301588990080552
note;0.004301588990080552
original little;0.004301588990080552
quit;0.004301588990080552
specific;0.004301588990080552
wont;0.004301588990080552
aiming;0.004188389279815274
as;0.004188389279815274
choice;0.004188389279815274
effort;0.004188389279815274
flaw;0.004188389279815274
grabbing;0.004188389279815274
imo;0.004188389279815274
interact;0.004188389279815274
lead;0.004188389279815274
mouse keyboard;0.004188389279815274
nightmare series;0.004188389279815274
one little;0.004188389279815274
original little nightmare;0.004188389279815274
pas;0.004188389279815274
sequel little;0.004188389279815274
thats;0.004188389279815274
worst;0.004188389279815274
ability;0.0040751895695499965
adding;0.0040751895695499965
art design;0.0040751895695499965
bit short;0.0040751895695499965
breathtaking;0.0040751895695499965
chill;0.0040751895695499965
collect;0.0040751895695499965
compelling;0.0040751895695499965
elevator;0.0040751895695499965
event;0.0040751895695499965
frustrating time;0.0040751895695499965
gameplay story;0.0040751895695499965
grotesque;0.0040751895695499965
hint;0.0040751895695499965
hour long;0.0040751895695499965
ive played;0.0040751895695499965
likely;0.0040751895695499965
little nightmare series;0.0040751895695499965
one amazing;0.0040751895695499965
pale;0.0040751895695499965
rate;0.0040751895695499965
replayability;0.0040751895695499965
requirement;0.0040751895695499965
ruin;0.0040751895695499965
story gameplay;0.0040751895695499965
strange;0.0040751895695499965
watched;0.0040751895695499965
anxiety;0.003961989859284719
background;0.003961989859284719
chance;0.003961989859284719
dead;0.003961989859284719
didnt;0.003961989859284719
easier;0.003961989859284719
exact;0.003961989859284719
finishing;0.003961989859284719
fun scary;0.003961989859284719
generally;0.003961989859284719
greatest;0.003961989859284719
hopefully;0.003961989859284719
ledge;0.003961989859284719
pain;0.003961989859284719
stand;0.003961989859284719
story really;0.003961989859284719
unlike;0.003961989859284719
view;0.003961989859284719
worth penny;0.003961989859284719
amazing experience;0.003848790149019441
appreciate;0.003848790149019441
catch;0.003848790149019441
charming;0.003848790149019441
cinematic;0.003848790149019441
created;0.003848790149019441
expands;0.003848790149019441
fully;0.003848790149019441
getting stuck;0.003848790149019441
happening;0.003848790149019441
mess;0.003848790149019441
multiple time;0.003848790149019441
one story;0.003848790149019441
reload;0.003848790149019441
secret ending;0.003848790149019441
seeing;0.003848790149019441
significant;0.003848790149019441
sitting;0.003848790149019441
super fun;0.003848790149019441
suspenseful;0.003848790149019441
trust;0.003848790149019441
waste;0.003848790149019441
work art;0.003848790149019441
absolutely loved;0.003735590438754163
baby;0.003735590438754163
chased;0.003735590438754163
chasing;0.003735590438754163
collectable;0.003735590438754163
complex;0.003735590438754163
disappointing;0.003735590438754163
encountered;0.003735590438754163
horror experience;0.003735590438754163
impressive;0.003735590438754163
looked;0.003735590438754163
namco;0.003735590438754163
nearly;0.003735590438754163
reading;0.003735590438754163
reccomend;0.003735590438754163
story one;0.003735590438754163
surprise;0.003735590438754163
sweet;0.003735590438754163
swing;0.003735590438754163
tricky;0.003735590438754163
two amazing;0.003735590438754163
voice stop;0.003735590438754163
warning;0.003735590438754163
worth time;0.003735590438754163
writing;0.003735590438754163
anymore;0.0036223907284888856
bring;0.0036223907284888856
development;0.0036223907284888856
entirely;0.0036223907284888856
expecting;0.0036223907284888856
explain;0.0036223907284888856
forever;0.0036223907284888856
grinding;0.0036223907284888856
non;0.0036223907284888856
obviously;0.0036223907284888856
pale city;0.0036223907284888856
path;0.0036223907284888856
precise;0.0036223907284888856
present;0.0036223907284888856
puzzle game;0.0036223907284888856
ready;0.0036223907284888856
really hope;0.0036223907284888856
requires;0.0036223907284888856
ride;0.0036223907284888856
sequel little nightmare;0.0036223907284888856
spend;0.0036223907284888856
stop voice;0.0036223907284888856
stop voice stop;0.0036223907284888856
strongly;0.0036223907284888856
time playing;0.0036223907284888856
voice stop voice;0.0036223907284888856
want play;0.0036223907284888856
amazing art;0.003509191018223608
awful;0.003509191018223608
camera angle;0.003509191018223608
constant;0.003509191018223608
creating;0.003509191018223608
creepiness;0.003509191018223608
dread;0.003509191018223608
easy learn;0.003509191018223608
fairly;0.003509191018223608
fascinating;0.003509191018223608
game one;0.003509191018223608
horror played;0.003509191018223608
playing little;0.003509191018223608
playing one;0.003509191018223608
rage;0.003509191018223608
slide;0.003509191018223608
story lore;0.003509191018223608
till;0.003509191018223608
amazing one;0.00339599130795833
audience;0.00339599130795833
bad thing;0.00339599130795833
buy sale;0.00339599130795833
considering;0.00339599130795833
cost;0.00339599130795833
cup;0.00339599130795833
enjoyment;0.00339599130795833
environmental;0.00339599130795833
form;0.00339599130795833
game time;0.00339599130795833
gameplay mechanic;0.00339599130795833
graphic story;0.00339599130795833
hand holding;0.00339599130795833
hour play;0.00339599130795833
make want;0.00339599130795833
meaning;0.00339599130795833
mistake;0.00339599130795833
month;0.00339599130795833
nasa;0.00339599130795833
nightmare one two;0.00339599130795833
one really;0.00339599130795833
playing little nightmare;0.00339599130795833
potato;0.00339599130795833
pure;0.00339599130795833
puzzle fun;0.00339599130795833
released;0.00339599130795833
required;0.00339599130795833
superb;0.00339599130795833
switch;0.00339599130795833
there;0.00339599130795833
track;0.00339599130795833
update;0.00339599130795833
various;0.00339599130795833
captivating;0.0032827915976930524
charm;0.0032827915976930524
decided;0.0032827915976930524
definitely play;0.0032827915976930524
deluxe edition;0.0032827915976930524
design amazing;0.0032827915976930524
dream;0.0032827915976930524
enjoyed little;0.0032827915976930524
exploration;0.0032827915976930524
floor;0.0032827915976930524
force;0.0032827915976930524
gem;0.0032827915976930524
heavy;0.0032827915976930524
horrific;0.0032827915976930524
imagine;0.0032827915976930524
interpretation;0.0032827915976930524
make little;0.0032827915976930524
one best horror;0.0032827915976930524
one favourite;0.0032827915976930524
physic;0.0032827915976930524
price free;0.0032827915976930524
rare;0.0032827915976930524
scenario;0.0032827915976930524
story interesting;0.0032827915976930524
talk;0.0032827915976930524
ton;0.0032827915976930524
worked;0.0032827915976930524
amazing loved;0.0031695918874277747
bag;0.0031695918874277747
barely;0.0031695918874277747
brought;0.0031695918874277747
climb;0.0031695918874277747
clunky control;0.0031695918874277747
control feel;0.0031695918874277747
control little;0.0031695918874277747
demo;0.0031695918874277747
enjoy one;0.0031695918874277747
enjoyed little nightmare;0.0031695918874277747
entertaining;0.0031695918874277747
fair;0.0031695918874277747
focus;0.0031695918874277747
fun little;0.0031695918874277747
graphic sound;0.0031695918874277747
hard master;0.0031695918874277747
hear;0.0031695918874277747
instance;0.0031695918874277747
mentioned;0.0031695918874277747
monster design;0.0031695918874277747
particular;0.0031695918874277747
particularly;0.0031695918874277747
properly;0.0031695918874277747
puzzle challenging;0.0031695918874277747
recommendation;0.0031695918874277747
ren;0.0031695918874277747
restart checkpoint;0.0031695918874277747
sadly;0.0031695918874277747
scary fun;0.0031695918874277747
set piece;0.0031695918874277747
shame;0.0031695918874277747
silent;0.0031695918874277747
space;0.0031695918874277747
survival;0.0031695918874277747
thoroughly;0.0031695918874277747
throw;0.0031695918874277747
time one;0.0031695918874277747
two one;0.0031695918874277747
vague;0.0031695918874277747
write;0.0031695918874277747
yellow;0.0031695918874277747
zhi;0.0031695918874277747
amazing sequel;0.003056392177162497
amazing visuals;0.003056392177162497
atmosphere music;0.003056392177162497
atmospheric horror;0.003056392177162497
bandai namco;0.003056392177162497
blast;0.003056392177162497
blown;0.003056392177162497
bos fight;0.003056392177162497
bully;0.003056392177162497
confused;0.003056392177162497
control bit;0.003056392177162497
creator;0.003056392177162497
doubt;0.003056392177162497
familiar;0.003056392177162497
flashlight control;0.003056392177162497
fuse;0.003056392177162497
grind level;0.003056392177162497
horror genre;0.003056392177162497
instalment;0.003056392177162497
interested;0.003056392177162497
jaw;0.003056392177162497
jiu;0.003056392177162497
jogo;0.003056392177162497
knowing;0.003056392177162497
lose;0.003056392177162497
nail;0.003056392177162497
neck lady;0.003056392177162497
nightmare two amazing;0.003056392177162497
obvious;0.003056392177162497
one little nightmare;0.003056392177162497
overall really;0.003056392177162497
play game;0.003056392177162497
power;0.003056392177162497
raincoat;0.003056392177162497
really make;0.003056392177162497
replaying;0.003056392177162497
result;0.003056392177162497
shocking;0.003056392177162497
shorter;0.003056392177162497
stream;0.003056392177162497
successor;0.003056392177162497
teen;0.003056392177162497
tell story;0.003056392177162497
tim;0.003056392177162497
toe;0.003056392177162497
tone;0.003056392177162497
trap;0.003056392177162497
turned;0.003056392177162497
world little;0.003056392177162497
world little nightmare;0.003056392177162497
amazing sound;0.0029431924668972195
ambience;0.0029431924668972195
audience kid;0.0029431924668972195
average grind;0.0029431924668972195
average grind level;0.0029431924668972195
balance;0.0029431924668972195
book;0.0029431924668972195
brings;0.0029431924668972195
broke;0.0029431924668972195
built;0.0029431924668972195
downside;0.0029431924668972195
entry;0.0029431924668972195
exploring;0.0029431924668972195
falling;0.0029431924668972195
fun really;0.0029431924668972195
gamer;0.0029431924668972195
hope make;0.0029431924668972195
human;0.0029431924668972195
invisible;0.0029431924668972195
little nightmare little;0.0029431924668972195
loop;0.0029431924668972195
low;0.0029431924668972195
luck;0.0029431924668972195
memory;0.0029431924668972195
necessary progress;0.0029431924668972195
nome;0.0029431924668972195
one second;0.0029431924668972195
overall amazing;0.0029431924668972195
platformers;0.0029431924668972195
probably one;0.0029431924668972195
puzzle platformer;0.0029431924668972195
random;0.0029431924668972195
shot;0.0029431924668972195
stop playing;0.0029431924668972195
totally worth;0.0029431924668972195
two little;0.0029431924668972195
wonder;0.0029431924668972195
zuo;0.0029431924668972195
absolutely stunning;0.002829992756631942
ahead;0.002829992756631942
allow;0.002829992756631942
amazingly;0.002829992756631942
betrayal;0.002829992756631942
changed;0.002829992756631942
color;0.002829992756631942
completion;0.002829992756631942
connection;0.002829992756631942
continues;0.002829992756631942
definitely one;0.002829992756631942
delivers;0.002829992756631942
discover;0.002829992756631942
early;0.002829992756631942
easy learn hard;0.002829992756631942
ending really;0.002829992756631942
fan little;0.002829992756631942
fell;0.002829992756631942
finding;0.002829992756631942
flow;0.002829992756631942
following;0.002829992756631942
formula;0.002829992756631942
fresh;0.002829992756631942
glitchy;0.002829992756631942
honest;0.002829992756631942
hour gameplay;0.002829992756631942
http www;0.002829992756631942
hurt;0.002829992756631942
learn hard;0.002829992756631942
learn hard master;0.002829992756631942
leaving;0.002829992756631942
limbo inside;0.002829992756631942
little short;0.002829992756631942
manages;0.002829992756631942
perfection;0.002829992756631942
precision;0.002829992756631942
prequel little;0.002829992756631942
prequel little nightmare;0.002829992756631942
push;0.002829992756631942
really cool;0.002829992756631942
relationship;0.002829992756631942
say one;0.002829992756631942
sequel prequel;0.002829992756631942
skill;0.002829992756631942
skip;0.002829992756631942
spawn;0.002829992756631942
speechless;0.002829992756631942
speed;0.002829992756631942
stunning visuals;0.002829992756631942
surreal;0.002829992756631942
tier;0.002829992756631942
time little;0.002829992756631942
twist end;0.002829992756631942
unnerving;0.002829992756631942
worth wait;0.002829992756631942
www;0.002829992756631942
zhe;0.002829992756631942
awkward;0.0027167930463666643
begin;0.0027167930463666643
best story;0.0027167930463666643
blind;0.0027167930463666643
bug annoying;0.0027167930463666643
core;0.0027167930463666643
def;0.0027167930463666643
duo;0.0027167930463666643
expensive;0.0027167930463666643
fan little nightmare;0.0027167930463666643
got stuck;0.0027167930463666643
held;0.0027167930463666643
higher;0.0027167930463666643
immediately;0.0027167930463666643
inconsistent;0.0027167930463666643
invested;0.0027167930463666643
lady neck;0.0027167930463666643
liked little;0.0027167930463666643
living;0.0027167930463666643
long neck;0.0027167930463666643
massive;0.0027167930463666643
necessary progress average;0.0027167930463666643
nightmare little nightmare;0.0027167930463666643
nightmare universe;0.0027167930463666643
nightmarish;0.0027167930463666643
outside;0.0027167930463666643
paid;0.0027167930463666643
personal;0.0027167930463666643
possibly;0.0027167930463666643
progress average;0.0027167930463666643
progress average grind;0.0027167930463666643
progression;0.0027167930463666643
puzzle horror;0.0027167930463666643
really scary;0.0027167930463666643
remains;0.0027167930463666643
short average;0.0027167930463666643
steep;0.0027167930463666643
story graphic;0.0027167930463666643
story little nightmare;0.0027167930463666643
surprised;0.0027167930463666643
survive;0.0027167930463666643
teen adult;0.0027167930463666643
terror;0.0027167930463666643
thrill;0.0027167930463666643
thriller;0.0027167930463666643
welcome;0.0027167930463666643
amazing play;0.0026035933361013863
audience kid teen;0.0026035933361013863
awe;0.0026035933361013863
bunch;0.0026035933361013863
burn;0.0026035933361013863
burton;0.0026035933361013863
capture;0.0026035933361013863
character mono;0.0026035933361013863
childhood;0.0026035933361013863
clue;0.0026035933361013863
combined;0.0026035933361013863
comparison;0.0026035933361013863
complain;0.0026035933361013863
crap;0.0026035933361013863
creates;0.0026035933361013863
eventually;0.0026035933361013863
game little;0.0026035933361013863
got say;0.0026035933361013863
helped;0.0026035933361013863
hospital level;0.0026035933361013863
intended;0.0026035933361013863
keyboard control;0.0026035933361013863
kid teen;0.0026035933361013863
kid teen adult;0.0026035933361013863
lady neck lady;0.0026035933361013863
liked little nightmare;0.0026035933361013863
little nightmare universe;0.0026035933361013863
long cup;0.0026035933361013863
loving;0.0026035933361013863
make one;0.0026035933361013863
make sure;0.0026035933361013863
money left;0.0026035933361013863
neck lady neck;0.0026035933361013863
nice story;0.0026035933361013863
normal;0.0026035933361013863
odd;0.0026035933361013863
omg;0.0026035933361013863
patient;0.0026035933361013863
play really;0.0026035933361013863
pre order;0.0026035933361013863
rank;0.0026035933361013863
really hard;0.0026035933361013863
show;0.0026035933361013863
slowly;0.0026035933361013863
solving puzzle;0.0026035933361013863
stay;0.0026035933361013863
tim burton;0.0026035933361013863
time long;0.0026035933361013863
trash;0.0026035933361013863
two really;0.0026035933361013863
unfair;0.0026035933361013863
unforgettable;0.0026035933361013863
villain;0.0026035933361013863
water;0.0026035933361013863
xiang;0.0026035933361013863
yao;0.0026035933361013863
youtube com;0.0026035933361013863
zai;0.0026035933361013863
absolute masterpiece;0.0024903936258361087
act;0.0024903936258361087
ago;0.0024903936258361087
arrow;0.0024903936258361087
average long;0.0024903936258361087
beautiful story;0.0024903936258361087
best way;0.0024903936258361087
big fan;0.0024903936258361087
body;0.0024903936258361087
boi;0.0024903936258361087
brain usage;0.0024903936258361087
breaking bug;0.0024903936258361087
breath;0.0024903936258361087
bug heard;0.0024903936258361087
bug heard minor;0.0024903936258361087
called;0.0024903936258361087
climbing;0.0024903936258361087
consider;0.0024903936258361087
creativity;0.0024903936258361087
decent bad;0.0024903936258361087
doll;0.0024903936258361087
dynamic;0.0024903936258361087
feel little;0.0024903936258361087
freaking;0.0024903936258361087
frightening;0.0024903936258361087
fun playing;0.0024903936258361087
greatly;0.0024903936258361087
guide;0.0024903936258361087
hauntingly;0.0024903936258361087
heard minor;0.0024903936258361087
heard minor bug;0.0024903936258361087
heavily;0.0024903936258361087
hope little;0.0024903936258361087
hour complete;0.0024903936258361087
http www youtube;0.0024903936258361087
idk;0.0024903936258361087
including;0.0024903936258361087
input;0.0024903936258361087
interesting puzzle;0.0024903936258361087
keeping;0.0024903936258361087
lil;0.0024903936258361087
mei;0.0024903936258361087
minor bug annoying;0.0024903936258361087
nature;0.0024903936258361087
need second;0.0024903936258361087
negative review;0.0024903936258361087
picking;0.0024903936258361087
play controller;0.0024903936258361087
prefer;0.0024903936258361087
previous one;0.0024903936258361087
recomend;0.0024903936258361087
scrolling;0.0024903936258361087
self;0.0024903936258361087
shadow;0.0024903936258361087
short average long;0.0024903936258361087
short hour;0.0024903936258361087
simulator;0.0024903936258361087
sound music;0.0024903936258361087
spare money;0.0024903936258361087
spare money left;0.0024903936258361087
subtle;0.0024903936258361087
suddenly;0.0024903936258361087
time long cup;0.0024903936258361087
time story;0.0024903936258361087
trailer;0.0024903936258361087
two hour;0.0024903936258361087
usage;0.0024903936258361087
wonderfully;0.0024903936258361087
www youtube;0.0024903936258361087
www youtube com;0.0024903936258361087
adrenaline;0.002377193915570831
anyways;0.002377193915570831
average lovely;0.002377193915570831
beautiful decent;0.002377193915570831
beautiful decent bad;0.002377193915570831
bed;0.002377193915570831
betrayed;0.002377193915570831
bit longer;0.002377193915570831
blew;0.002377193915570831
bored;0.002377193915570831
bro;0.002377193915570831
compared one;0.002377193915570831
continuation;0.002377193915570831
danger;0.002377193915570831
dark soul grind;0.002377193915570831
decent fast;0.002377193915570831
decent fast rich;0.002377193915570831
deeper;0.002377193915570831
difficult dark;0.002377193915570831
difficult dark soul;0.002377193915570831
drag;0.002377193915570831
dude;0.002377193915570831
eargasm;0.002377193915570831
equally;0.002377193915570831
explanation;0.002377193915570831
fast rich;0.002377193915570831
friendship;0.002377193915570831
goosebump;0.002377193915570831
grind care;0.002377193915570831
hooked;0.002377193915570831
hope little nightmare;0.002377193915570831
infinity;0.002377193915570831
infuriating;0.002377193915570831
interactive;0.002377193915570831
left recommended;0.002377193915570831
linear;0.002377193915570831
make little nightmare;0.002377193915570831
money left recommended;0.002377193915570831
move;0.002377193915570831
nightmare really;0.002377193915570831
one definitely;0.002377193915570831
pace;0.002377193915570831
play amazing;0.002377193915570831
potato decent;0.002377193915570831
potato decent fast;0.002377193915570831
potential;0.002377193915570831
praise;0.002377193915570831
replay value;0.002377193915570831
say worth;0.002377193915570831
shocked;0.002377193915570831
single player;0.002377193915570831
sneaking;0.002377193915570831
sorry;0.002377193915570831
soul grind;0.002377193915570831
spectacular;0.002377193915570831
spine;0.002377193915570831
story character;0.002377193915570831
strike;0.002377193915570831
time play;0.002377193915570831
two character;0.002377193915570831
unforgiving;0.002377193915570831
use controller;0.002377193915570831
wear;0.002377193915570831
whats;0.002377193915570831
window;0.002377193915570831
absolutely worth;0.0022639942053055534
amazing beautiful;0.0022639942053055534
amazing horror;0.0022639942053055534
ambient;0.0022639942053055534
astonishing;0.0022639942053055534
atmosphere amazing;0.0022639942053055534
atmosphere story;0.0022639942053055534
audio eargasm;0.0022639942053055534
awsome;0.0022639942053055534
bad control;0.0022639942053055534
bit frustrating;0.0022639942053055534
care leaderboards;0.0022639942053055534
care leaderboards rank;0.0022639942053055534
caused;0.0022639942053055534
challenging puzzle;0.0022639942053055534
check run;0.0022639942053055534
check run paint;0.0022639942053055534
coffee;0.0022639942053055534
com watch;0.0022639942053055534
comment;0.0022639942053055534
controlling;0.0022639942053055534
crawl;0.0022639942053055534
dao;0.0022639942053055534
darkness;0.0022639942053055534
dian;0.0022639942053055534
difference;0.0022639942053055534
disappointment;0.0022639942053055534
dislike;0.0022639942053055534
do;0.0022639942053055534
doesnt;0.0022639942053055534
dry;0.0022639942053055534
evil;0.0022639942053055534
executed;0.0022639942053055534
explained;0.0022639942053055534
fan horror;0.0022639942053055534
favourite game;0.0022639942053055534
feel playing;0.0022639942053055534
game little nightmare;0.0022639942053055534
game really;0.0022639942053055534
graphic gameplay;0.0022639942053055534
grind level grind;0.0022639942053055534
haha;0.0022639942053055534
headphone;0.0022639942053055534
hill;0.0022639942053055534
hour finish;0.0022639942053055534
insanely;0.0022639942053055534
jie;0.0022639942053055534
known;0.0022639942053055534
leaderboards;0.0022639942053055534
leaderboards rank;0.0022639942053055534
level grind;0.0022639942053055534
long infinity;0.0022639942053055534
lover;0.0022639942053055534
meant;0.0022639942053055534
nightmare two one;0.0022639942053055534
obstacle;0.0022639942053055534
one way;0.0022639942053055534
overpriced;0.0022639942053055534
personality;0.0022639942053055534
playing controller;0.0022639942053055534
pretty short;0.0022639942053055534
puzzle little;0.0022639942053055534
reaction;0.0022639942053055534
really loved;0.0022639942053055534
regardless;0.0022639942053055534
requirement check;0.0022639942053055534
requirement check run;0.0022639942053055534
run paint;0.0022639942053055534
screaming;0.0022639942053055534
sight;0.0022639942053055534
significant brain;0.0022639942053055534
significant brain usage;0.0022639942053055534
silent hill;0.0022639942053055534
skin;0.0022639942053055534
soul grind grind;0.0022639942053055534
sound track;0.0022639942053055534
starting;0.0022639942053055534
story atmosphere;0.0022639942053055534
talking;0.0022639942053055534
time little nightmare;0.0022639942053055534
time played;0.0022639942053055534
total;0.0022639942053055534
tough;0.0022639942053055534
uncomfortable;0.0022639942053055534
using controller;0.0022639942053055534
wish longer;0.0022639942053055534
wondering;0.0022639942053055534
worth dollar;0.0022639942053055534
written;0.0022639942053055534
youtube com watch;0.0022639942053055534
absolutely incredible;0.002150794495040276
admit;0.002150794495040276
adore;0.002150794495040276
alert;0.002150794495040276
alive;0.002150794495040276
amazing little;0.002150794495040276
arrow key;0.002150794495040276
ask nasa;0.002150794495040276
ask nasa spare;0.002150794495040276
asking;0.002150794495040276
atmosphere creepy;0.002150794495040276
atmosphere really;0.002150794495040276
auto;0.002150794495040276
best horror game;0.002150794495040276
bug one;0.002150794495040276
chef;0.002150794495040276
context;0.002150794495040276
crash;0.002150794495040276
creepy scary;0.002150794495040276
currently;0.002150794495040276
dai;0.002150794495040276
darker;0.002150794495040276
decision;0.002150794495040276
design character;0.002150794495040276
design music;0.002150794495040276
distance;0.002150794495040276
driven;0.002150794495040276
dropped;0.002150794495040276
dumb;0.002150794495040276
enjoyed playing;0.002150794495040276
episode;0.002150794495040276
experience little;0.002150794495040276
finger;0.002150794495040276
follows;0.002150794495040276
foot;0.002150794495040276
forest;0.002150794495040276
forget reality;0.002150794495040276
forget reality beautiful;0.002150794495040276
frame;0.002150794495040276
gameplay mehh;0.002150794495040276
graphic forget;0.002150794495040276
graphic forget reality;0.002150794495040276
grind care leaderboards;0.002150794495040276
hao;0.002150794495040276
hole;0.002150794495040276
hope one;0.002150794495040276
imagery;0.002150794495040276
imagination;0.002150794495040276
immersed;0.002150794495040276
introduced;0.002150794495040276
isnt;0.002150794495040276
jiao;0.002150794495040276
judge;0.002150794495040276
large;0.002150794495040276
lever;0.002150794495040276
list;0.002150794495040276
little nightmare really;0.002150794495040276
loved second;0.002150794495040276
mehh;0.002150794495040276
nasa spare;0.002150794495040276
nasa spare computer;0.002150794495040276
numerous;0.002150794495040276
one loved;0.002150794495040276
online;0.002150794495040276
paint potato;0.002150794495040276
paint potato decent;0.002150794495040276
paying;0.002150794495040276
play horror;0.002150794495040276
played year;0.002150794495040276
puzzle hard;0.002150794495040276
rarely;0.002150794495040276
reality beautiful;0.002150794495040276
reality beautiful decent;0.002150794495040276
relatively;0.002150794495040276
rely;0.002150794495040276
reminds;0.002150794495040276
replace;0.002150794495040276
replace life;0.002150794495040276
responsive;0.002150794495040276
run paint potato;0.002150794495040276
scale;0.002150794495040276
scariest;0.002150794495040276
scream;0.002150794495040276
sequel one;0.002150794495040276
spare computer;0.002150794495040276
spook;0.002150794495040276
three time;0.002150794495040276
tie;0.002150794495040276
two game;0.002150794495040276
two little nightmare;0.002150794495040276
ultimately;0.002150794495040276
unskippable;0.002150794495040276
video game;0.002150794495040276
wait little;0.002150794495040276
wait little nightmare;0.002150794495040276
wei;0.002150794495040276
worth buying;0.002150794495040276
xiao;0.002150794495040276
absolutely beautiful;0.0020375947847749982
absolutely fantastic;0.0020375947847749982
allows;0.0020375947847749982
amazing ending;0.0020375947847749982
amazing gameplay;0.0020375947847749982
audio eargasm bad;0.0020375947847749982
average long infinity;0.0020375947847749982
bad look;0.0020375947847749982
bad look long;0.0020375947847749982
battle;0.0020375947847749982
beautiful art;0.0020375947847749982
big terrarium;0.0020375947847749982
big terrarium bug;0.0020375947847749982
blown away;0.0020375947847749982
buddy;0.0020375947847749982
burn money;0.0020375947847749982
burn money bug;0.0020375947847749982
character story;0.0020375947847749982
coffee short;0.0020375947847749982
criticism;0.0020375947847749982
crouch;0.0020375947847749982
cup coffee;0.0020375947847749982
cup coffee short;0.0020375947847749982
cut;0.0020375947847749982
decent bad look;0.0020375947847749982
depending;0.0020375947847749982
design story;0.0020375947847749982
digital;0.0020375947847749982
doo;0.0020375947847749982
eargasm bad;0.0020375947847749982
eargasm bad bad;0.0020375947847749982
enemy design;0.0020375947847749982
essentially;0.0020375947847749982
fang;0.0020375947847749982
fast rich boi;0.0020375947847749982
feel bit;0.0020375947847749982
field;0.0020375947847749982
forgot;0.0020375947847749982
free worth;0.0020375947847749982
free worth price;0.0020375947847749982
gameplay gameplay mehh;0.0020375947847749982
gameplay puzzle;0.0020375947847749982
gamers;0.0020375947847749982
goal;0.0020375947847749982
grind grind care;0.0020375947847749982
grind need;0.0020375947847749982
grind need second;0.0020375947847749982
grinding story;0.0020375947847749982
gripping;0.0020375947847749982
highly playing;0.0020375947847749982
holy shit;0.0020375947847749982
hospital chapter;0.0020375947847749982
inducing;0.0020375947847749982
infinity price;0.0020375947847749982
intuitive;0.0020375947847749982
involved;0.0020375947847749982
left recommended burn;0.0020375947847749982
level grind need;0.0020375947847749982
life grinding;0.0020375947847749982
lived;0.0020375947847749982
lock;0.0020375947847749982
long cup coffee;0.0020375947847749982
long infinity price;0.0020375947847749982
longer one;0.0020375947847749982
look long;0.0020375947847749982
mainly;0.0020375947847749982
majority;0.0020375947847749982
mixed;0.0020375947847749982
money bug;0.0020375947847749982
money bug heard;0.0020375947847749982
monitor;0.0020375947847749982
multiplayer;0.0020375947847749982
need second life;0.0020375947847749982
one day;0.0020375947847749982
one two three;0.0020375947847749982
opening;0.0020375947847749982
overall experience;0.0020375947847749982
overall little;0.0020375947847749982
paint dry;0.0020375947847749982
piece art;0.0020375947847749982
pissed;0.0020375947847749982
pixel;0.0020375947847749982
play mono;0.0020375947847749982
poorly;0.0020375947847749982
predictable;0.0020375947847749982
press easy;0.0020375947847749982
price free worth;0.0020375947847749982
price sale;0.0020375947847749982
probably best;0.0020375947847749982
putting;0.0020375947847749982
randomly;0.0020375947847749982
recommended burn;0.0020375947847749982
recommended burn money;0.0020375947847749982
reference;0.0020375947847749982
rewarding;0.0020375947847749982
rich boi;0.0020375947847749982
safe;0.0020375947847749982
second life;0.0020375947847749982
second life grinding;0.0020375947847749982
shock;0.0020375947847749982
smash;0.0020375947847749982
spoopy;0.0020375947847749982
standard;0.0020375947847749982
state;0.0020375947847749982
story play;0.0020375947847749982
story puzzle;0.0020375947847749982
surroundings;0.0020375947847749982
swinging;0.0020375947847749982
tear;0.0020375947847749982
television;0.0020375947847749982
tense moment;0.0020375947847749982
terrarium;0.0020375947847749982
terrarium bug;0.0020375947847749982
thing say;0.0020375947847749982
three one;0.0020375947847749982
thrown;0.0020375947847749982
time really;0.0020375947847749982
tower;0.0020375947847749982
trouble;0.0020375947847749982
unnecessary;0.0020375947847749982
varied;0.0020375947847749982
wan;0.0020375947847749982
worth play;0.0020375947847749982
additional;0.0019243950745097204
amazing definitely;0.0019243950745097204
amazing little nightmare;0.0019243950745097204
amazing really;0.0019243950745097204
angry;0.0019243950745097204
artstyle;0.0019243950745097204
atmosphere art;0.0019243950745097204
atmosphere sound;0.0019243950745097204
average lovely replace;0.0019243950745097204
beating;0.0019243950745097204
best horror played;0.0019243950745097204
best thing;0.0019243950745097204
bit clunky;0.0019243950745097204
bizarre;0.0019243950745097204
blowing;0.0019243950745097204
bother;0.0019243950745097204
btw;0.0019243950745097204
buck;0.0019243950745097204
buy play;0.0019243950745097204
causing;0.0019243950745097204
chang;0.0019243950745097204
chapter one;0.0019243950745097204
click;0.0019243950745097204
coffee short average;0.0019243950745097204
combat mechanic;0.0019243950745097204
combat section;0.0019243950745097204
combination;0.0019243950745097204
common;0.0019243950745097204
completing;0.0019243950745097204
correctly;0.0019243950745097204
cry;0.0019243950745097204
dan;0.0019243950745097204
excitement;0.0019243950745097204
experience little nightmare;0.0019243950745097204
fantastic sequel;0.0019243950745097204
finicky;0.0019243950745097204
fitting;0.0019243950745097204
fun challenging;0.0019243950745097204
fun creepy;0.0019243950745097204
fun story;0.0019243950745097204
giant;0.0019243950745097204
glitched;0.0019243950745097204
gotten;0.0019243950745097204
graphic beautiful;0.0019243950745097204
graphic music;0.0019243950745097204
grinding story story;0.0019243950745097204
gud;0.0019243950745097204
halfway;0.0019243950745097204
hesitate;0.0019243950745097204
hitting;0.0019243950745097204
horror adventure;0.0019243950745097204
horror fan;0.0019243950745097204
horror game played;0.0019243950745097204
ill;0.0019243950745097204
impact;0.0019243950745097204
infinity price free;0.0019243950745097204
late;0.0019243950745097204
life time;0.0019243950745097204
life time long;0.0019243950745097204
little nightmare franchise;0.0019243950745097204
love;0.0019243950745097204
loved one one;0.0019243950745097204
lovely replace;0.0019243950745097204
lovely replace life;0.0019243950745097204
macabre;0.0019243950745097204
make think;0.0019243950745097204
medium;0.0019243950745097204
meh;0.0019243950745097204
middle;0.0019243950745097204
music amazing;0.0019243950745097204
music atmosphere;0.0019243950745097204
music sound design;0.0019243950745097204
nightmare franchise;0.0019243950745097204
nightmare two really;0.0019243950745097204
occasional;0.0019243950745097204
one fun;0.0019243950745097204
one make;0.0019243950745097204
one played;0.0019243950745097204
ost;0.0019243950745097204
overall feel;0.0019243950745097204
overall little nightmare;0.0019243950745097204
patience;0.0019243950745097204
perfect sequel;0.0019243950745097204
play loved;0.0019243950745097204
play played;0.0019243950745097204
play story;0.0019243950745097204
playing keyboard;0.0019243950745097204
playing time;0.0019243950745097204
proper;0.0019243950745097204
provide;0.0019243950745097204
purely;0.0019243950745097204
rain;0.0019243950745097204
ray;0.0019243950745097204
realistic;0.0019243950745097204
realize;0.0019243950745097204
really one;0.0019243950745097204
really worth;0.0019243950745097204
replace life time;0.0019243950745097204
scarier one;0.0019243950745097204
sequel original;0.0019243950745097204
slight;0.0019243950745097204
stress;0.0019243950745097204
stressful;0.0019243950745097204
surprising;0.0019243950745097204
texture;0.0019243950745097204
torch;0.0019243950745097204
twitch;0.0019243950745097204
user;0.0019243950745097204
usual;0.0019243950745097204
visually stunning;0.0019243950745097204
visuals sound;0.0019243950745097204
waited;0.0019243950745097204
watch paint;0.0019243950745097204
watch paint dry;0.0019243950745097204
worth price sale;0.0019243950745097204
add new;0.0018111953642444428
amazing soundtrack;0.0018111953642444428
annoyed;0.0018111953642444428
approach;0.0018111953642444428
bar;0.0018111953642444428
bear;0.0018111953642444428
beautiful visuals;0.0018111953642444428
bitch;0.0018111953642444428
blood;0.0018111953642444428
boi ask;0.0018111953642444428
boi ask nasa;0.0018111953642444428
bug glitch;0.0018111953642444428
bugged;0.0018111953642444428
chapter two;0.0018111953642444428
classic;0.0018111953642444428
collecting;0.0018111953642444428
connected;0.0018111953642444428
consistently;0.0018111953642444428
control flashlight;0.0018111953642444428
couple time;0.0018111953642444428
depressing;0.0018111953642444428
dev;0.0018111953642444428
dont know;0.0018111953642444428
draw;0.0018111953642444428
ending amazing;0.0018111953642444428
exception;0.0018111953642444428
failing;0.0018111953642444428
fantastic story;0.0018111953642444428
far one;0.0018111953642444428
flawless;0.0018111953642444428
fun gameplay;0.0018111953642444428
game play;0.0018111953642444428
glitching;0.0018111953642444428
god damn;0.0018111953642444428
gone;0.0018111953642444428
hand cute;0.0018111953642444428
harder one;0.0018111953642444428
honestly one;0.0018111953642444428
horror element;0.0018111953642444428
horror story;0.0018111953642444428
hospital section;0.0018111953642444428
improve;0.0018111953642444428
instantly;0.0018111953642444428
joke;0.0018111953642444428
jumpscare;0.0018111953642444428
lai;0.0018111953642444428
launch;0.0018111953642444428
lie;0.0018111953642444428
liked one one;0.0018111953642444428
luckily;0.0018111953642444428
map;0.0018111953642444428
match;0.0018111953642444428
meet;0.0018111953642444428
messed;0.0018111953642444428
mid;0.0018111953642444428
min;0.0018111953642444428
mind blowing;0.0018111953642444428
model;0.0018111953642444428
music sound effect;0.0018111953642444428
need play;0.0018111953642444428
nicely;0.0018111953642444428
nightmare two little;0.0018111953642444428
occasion;0.0018111953642444428
one absolutely;0.0018111953642444428
one ending;0.0018111953642444428
one puzzle;0.0018111953642444428
pipe;0.0018111953642444428
plan;0.0018111953642444428
played original;0.0018111953642444428
poggers;0.0018111953642444428
position;0.0018111953642444428
really amazing;0.0018111953642444428
really play;0.0018111953642444428
really think;0.0018111953642444428
really wish;0.0018111953642444428
repeating;0.0018111953642444428
requiring;0.0018111953642444428
reset;0.0018111953642444428
restarting;0.0018111953642444428
rich boi ask;0.0018111953642444428
roughly;0.0018111953642444428
second time;0.0018111953642444428
send;0.0018111953642444428
shang;0.0018111953642444428
sit;0.0018111953642444428
story visuals;0.0018111953642444428
table;0.0018111953642444428
tad;0.0018111953642444428
task;0.0018111953642444428
think little;0.0018111953642444428
time fun;0.0018111953642444428
tldr;0.0018111953642444428
trying figure;0.0018111953642444428
two story;0.0018111953642444428
unskippable credit;0.0018111953642444428
visuals amazing;0.0018111953642444428
walkthrough;0.0018111953642444428
week;0.0018111953642444428
whilst;0.0018111953642444428
worry;0.0018111953642444428
xbox;0.0018111953642444428
account;0.001697995653979165
air;0.001697995653979165
amazing story line;0.001697995653979165
atmosphere puzzle;0.001697995653979165
attached;0.001697995653979165
basic;0.001697995653979165
beautiful creepy;0.001697995653979165
changing;0.001697995653979165
character make;0.001697995653979165
cheng;0.001697995653979165
complicated;0.001697995653979165
console;0.001697995653979165
control keyboard;0.001697995653979165
creep;0.001697995653979165
cried;0.001697995653979165
current;0.001697995653979165
decide;0.001697995653979165
deeply;0.001697995653979165
delay;0.001697995653979165
deng;0.001697995653979165
depressed;0.001697995653979165
developed;0.001697995653979165
died time;0.001697995653979165
dimension;0.001697995653979165
do gameplay;0.001697995653979165
do gameplay gameplay;0.001697995653979165
effective;0.001697995653979165
ending little;0.001697995653979165
ending spoiler;0.001697995653979165
essential;0.001697995653979165
evolved;0.001697995653979165
experience one;0.001697995653979165
failed;0.001697995653979165
fault;0.001697995653979165
figured;0.001697995653979165
figuring;0.001697995653979165
flash;0.001697995653979165
fun one;0.001697995653979165
garbage;0.001697995653979165
gloomy;0.001697995653979165
got achievement;0.001697995653979165
hallway;0.001697995653979165
hated;0.001697995653979165
horror atmosphere;0.001697995653979165
hot;0.001697995653979165
huge fan;0.001697995653979165
impressed;0.001697995653979165
information;0.001697995653979165
inside limbo;0.001697995653979165
joy;0.001697995653979165
juego;0.001697995653979165
leaderboards rank necessary;0.001697995653979165
listen;0.001697995653979165
load;0.001697995653979165
long hour;0.001697995653979165
lore average;0.001697995653979165
lore average lovely;0.001697995653979165
lower;0.001697995653979165
music story;0.001697995653979165
named;0.001697995653979165
neat;0.001697995653979165
nightmare play;0.001697995653979165
occasionally;0.001697995653979165
ominous;0.001697995653979165
one different;0.001697995653979165
one liked;0.001697995653979165
play keyboard;0.001697995653979165
played hour;0.001697995653979165
presentation;0.001697995653979165
price sale spare;0.001697995653979165
psychological;0.001697995653979165
pushing;0.001697995653979165
puzzle difficult;0.001697995653979165
puzzle really;0.001697995653979165
puzzle solve;0.001697995653979165
quite short;0.001697995653979165
racing;0.001697995653979165
rank necessary;0.001697995653979165
rank necessary progress;0.001697995653979165
really feel;0.001697995653979165
really little;0.001697995653979165
really nice;0.001697995653979165
really want;0.001697995653979165
restart chapter;0.001697995653979165
rush;0.001697995653979165
sale spare;0.001697995653979165
sale spare money;0.001697995653979165
scary moment;0.001697995653979165
scary time;0.001697995653979165
scripted;0.001697995653979165
shou;0.001697995653979165
sick;0.001697995653979165
sinister;0.001697995653979165
sold;0.001697995653979165
spoiling;0.001697995653979165
star;0.001697995653979165
stopped;0.001697995653979165
story fun;0.001697995653979165
story intriguing;0.001697995653979165
story lore average;0.001697995653979165
story make;0.001697995653979165
story music;0.001697995653979165
story story lore;0.001697995653979165
story told;0.001697995653979165
story wise;0.001697995653979165
stunning graphic;0.001697995653979165
thoroughly enjoyed;0.001697995653979165
time puzzle;0.001697995653979165
today;0.001697995653979165
tutorial;0.001697995653979165
twist turn;0.001697995653979165
unable;0.001697995653979165
unresponsive;0.001697995653979165
upset;0.001697995653979165
visual storytelling;0.001697995653979165
warned;0.001697995653979165
way possible;0.001697995653979165
wholesome;0.001697995653979165
worthy sequel;0.001697995653979165
yea;0.001697995653979165
addition little;0.0015847959437138874
addition little nightmare;0.0015847959437138874
aim flashlight;0.0015847959437138874
amazing job;0.0015847959437138874
amazing music;0.0015847959437138874
ambiguous;0.0015847959437138874
annoying ark;0.0015847959437138874
annoying ark survival;0.0015847959437138874
ark;0.0015847959437138874
ark survival;0.0015847959437138874
ark survival evolved;0.0015847959437138874
aswell;0.0015847959437138874
awesome story;0.0015847959437138874
bad bad deaf;0.0015847959437138874
bad deaf;0.0015847959437138874
bad deaf audience;0.0015847959437138874
ball;0.0015847959437138874
beautiful masterpiece;0.0015847959437138874
beauty;0.0015847959437138874
blow;0.0015847959437138874
bug annoying ark;0.0015847959437138874
carry;0.0015847959437138874
chair;0.0015847959437138874
cheaper;0.0015847959437138874
check point;0.0015847959437138874
chu;0.0015847959437138874
collection;0.0015847959437138874
comparing;0.0015847959437138874
contains;0.0015847959437138874
deaf;0.0015847959437138874
deaf audience;0.0015847959437138874
deaf audience kid;0.0015847959437138874
design puzzle;0.0015847959437138874
dropping;0.0015847959437138874
dry instead;0.0015847959437138874
eerie atmosphere;0.0015847959437138874
emotionally;0.0015847959437138874
enjoyed second;0.0015847959437138874
exceeded;0.0015847959437138874
exist;0.0015847959437138874
experience play;0.0015847959437138874
fav;0.0015847959437138874
favorite horror;0.0015847959437138874
finished hour;0.0015847959437138874
flashlight mechanic;0.0015847959437138874
focused;0.0015847959437138874
forgiving;0.0015847959437138874
friendly;0.0015847959437138874
frustratingly;0.0015847959437138874
gameplay mehh watch;0.0015847959437138874
gaming experience;0.0015847959437138874
going one;0.0015847959437138874
gore;0.0015847959437138874
graphic atmosphere;0.0015847959437138874
grow;0.0015847959437138874
hair;0.0015847959437138874
handle;0.0015847959437138874
hauntingly beautiful;0.0015847959437138874
heart racing;0.0015847959437138874
hiding;0.0015847959437138874
high hope;0.0015847959437138874
hunting;0.0015847959437138874
implemented;0.0015847959437138874
inspired;0.0015847959437138874
involving;0.0015847959437138874
killing;0.0015847959437138874
kiss;0.0015847959437138874
landscape;0.0015847959437138874
learning;0.0015847959437138874
library;0.0015847959437138874
life grinding story;0.0015847959437138874
long do;0.0015847959437138874
long do gameplay;0.0015847959437138874
look long do;0.0015847959437138874
loved atmosphere;0.0015847959437138874
magnificent;0.0015847959437138874
manage;0.0015847959437138874
mechanic really;0.0015847959437138874
mehh watch;0.0015847959437138874
mehh watch paint;0.0015847959437138874
navigate;0.0015847959437138874
near end;0.0015847959437138874
new character;0.0015847959437138874
one hour;0.0015847959437138874
one sitting;0.0015847959437138874
one think;0.0015847959437138874
ordered;0.0015847959437138874
overall atmosphere;0.0015847959437138874
paced;0.0015847959437138874
packed;0.0015847959437138874
paint dry instead;0.0015847959437138874
pair;0.0015847959437138874
panic;0.0015847959437138874
paper;0.0015847959437138874
placed;0.0015847959437138874
play second;0.0015847959437138874
played controller;0.0015847959437138874
played really;0.0015847959437138874
pls;0.0015847959437138874
positive review;0.0015847959437138874
pounding;0.0015847959437138874
product;0.0015847959437138874
purpose;0.0015847959437138874
puzzle interesting;0.0015847959437138874
puzzle platforming;0.0015847959437138874
range;0.0015847959437138874
really story;0.0015847959437138874
recommending;0.0015847959437138874
refund;0.0015847959437138874
replayable;0.0015847959437138874
rope;0.0015847959437138874
sake;0.0015847959437138874
say little;0.0015847959437138874
say really;0.0015847959437138874
sense dread;0.0015847959437138874
sequel amazing;0.0015847959437138874
short story;0.0015847959437138874
showing;0.0015847959437138874
signal;0.0015847959437138874
sleep;0.0015847959437138874
soundtrack amazing;0.0015847959437138874
source;0.0015847959437138874
speaking;0.0015847959437138874
story ending;0.0015847959437138874
strength;0.0015847959437138874
struggle;0.0015847959437138874
successful;0.0015847959437138874
sure play;0.0015847959437138874
survival evolved;0.0015847959437138874
taken;0.0015847959437138874
taste;0.0015847959437138874
tbh;0.0015847959437138874
terrified;0.0015847959437138874
text;0.0015847959437138874
think worth;0.0015847959437138874
threat;0.0015847959437138874
touching;0.0015847959437138874
travel;0.0015847959437138874
two definitely;0.0015847959437138874
two time;0.0015847959437138874
vent;0.0015847959437138874
wait dlc;0.0015847959437138874
want little;0.0015847959437138874
way really;0.0015847959437138874
win;0.0015847959437138874
world design;0.0015847959437138874
world story;0.0015847959437138874
write review;0.0015847959437138874
wtf;0.0015847959437138874
xing;0.0015847959437138874
yuan;0.0015847959437138874
abstract;0.0014715962334486098
addicting;0.0014715962334486098
affect;0.0014715962334486098
afraid;0.0014715962334486098
amazing played;0.0014715962334486098
antagonist;0.0014715962334486098
appear;0.0014715962334486098
axe;0.0014715962334486098
backwards;0.0014715962334486098
beaten;0.0014715962334486098
best experience;0.0014715962334486098
bundle;0.0014715962334486098
buy little;0.0014715962334486098
casual;0.0014715962334486098
ceiling;0.0014715962334486098
chef kiss;0.0014715962334486098
clever puzzle;0.0014715962334486098
coat;0.0014715962334486098
comic;0.0014715962334486098
company;0.0014715962334486098
compare;0.0014715962334486098
computer difficulty;0.0014715962334486098
connect;0.0014715962334486098
control make;0.0014715962334486098
correct;0.0014715962334486098
cue;0.0014715962334486098
dark atmosphere;0.0014715962334486098
definitely playing;0.0014715962334486098
deliver;0.0014715962334486098
depth field;0.0014715962334486098
direct;0.0014715962334486098
downright;0.0014715962334486098
dry instead audio;0.0014715962334486098
easily one;0.0014715962334486098
enjoyable experience;0.0014715962334486098
entire time;0.0014715962334486098
exceptional;0.0014715962334486098
execution;0.0014715962334486098
expansion;0.0014715962334486098
fan one;0.0014715962334486098
fan series;0.0014715962334486098
faster;0.0014715962334486098
felt little;0.0014715962334486098
final bos;0.0014715962334486098
freeze;0.0014715962334486098
frequent;0.0014715962334486098
frustrating control;0.0014715962334486098
fun amazing;0.0014715962334486098
function;0.0014715962334486098
game amazing;0.0014715962334486098
game atmosphere;0.0014715962334486098
game ive;0.0014715962334486098
game ive played;0.0014715962334486098
gameplay fun;0.0014715962334486098
gameplay little;0.0014715962334486098
grabbed;0.0014715962334486098
grandma;0.0014715962334486098
graphical;0.0014715962334486098
guessing;0.0014715962334486098
half hour;0.0014715962334486098
held hand;0.0014715962334486098
hen;0.0014715962334486098
horror platformer;0.0014715962334486098
hour beat;0.0014715962334486098
hr;0.0014715962334486098
huan;0.0014715962334486098
instead audio;0.0014715962334486098
instead audio eargasm;0.0014715962334486098
intense moment;0.0014715962334486098
introduces;0.0014715962334486098
irritating;0.0014715962334486098
jank;0.0014715962334486098
jue;0.0014715962334486098
ladder;0.0014715962334486098
larger;0.0014715962334486098
learned;0.0014715962334486098
little frustrating;0.0014715962334486098
look amazing;0.0014715962334486098
lore story;0.0014715962334486098
margin;0.0014715962334486098
menu;0.0014715962334486098
message;0.0014715962334486098
minimal;0.0014715962334486098
music graphic;0.0014715962334486098
nightmare amazing;0.0014715962334486098
noise;0.0014715962334486098
nonetheless;0.0014715962334486098
notice;0.0014715962334486098
one favourite game;0.0014715962334486098
one feel;0.0014715962334486098
one horror;0.0014715962334486098
one kind;0.0014715962334486098
one say;0.0014715962334486098
one want;0.0014715962334486098
optimized;0.0014715962334486098
original way;0.0014715962334486098
overwhelming;0.0014715962334486098
passed;0.0014715962334486098
patch;0.0014715962334486098
performance;0.0014715962334486098
play fun;0.0014715962334486098
play liked;0.0014715962334486098
play puzzle;0.0014715962334486098
played long;0.0014715962334486098
played play;0.0014715962334486098
porcelain;0.0014715962334486098
purchasing;0.0014715962334486098
puzzling;0.0014715962334486098
quite bit;0.0014715962334486098
really enjoy;0.0014715962334486098
really fun play;0.0014715962334486098
really looking;0.0014715962334486098
recently;0.0014715962334486098
related;0.0014715962334486098
remarkable;0.0014715962334486098
running away;0.0014715962334486098
scheme;0.0014715962334486098
search;0.0014715962334486098
second little;0.0014715962334486098
setup;0.0014715962334486098
shine;0.0014715962334486098
simple puzzle;0.0014715962334486098
smart;0.0014715962334486098
smoother;0.0014715962334486098
son;0.0014715962334486098
specifically;0.0014715962334486098
speedrun;0.0014715962334486098
split;0.0014715962334486098
spoiled;0.0014715962334486098
spoiler ending;0.0014715962334486098
spoken;0.0014715962334486098
spooky fun;0.0014715962334486098
story beautiful;0.0014715962334486098
story end;0.0014715962334486098
street;0.0014715962334486098
suppose;0.0014715962334486098
technical;0.0014715962334486098
think one;0.0014715962334486098
time got;0.0014715962334486098
tong;0.0014715962334486098
trigger;0.0014715962334486098
tv;0.0014715962334486098
two chapter;0.0014715962334486098
unanswered;0.0014715962334486098
understanding;0.0014715962334486098
unpredictable;0.0014715962334486098
visuals atmosphere;0.0014715962334486098
visuals music;0.0014715962334486098
watch play;0.0014715962334486098
way make;0.0014715962334486098
weak;0.0014715962334486098
worried;0.0014715962334486098
xia;0.0014715962334486098
zhen;0.0014715962334486098
addicted;0.0013583965231833322
alright;0.0013583965231833322
amazing fun;0.0013583965231833322
amazing sound design;0.0013583965231833322
amazing story amazing;0.0013583965231833322
anger;0.0013583965231833322
art amazing;0.0013583965231833322
asked;0.0013583965231833322
atmosphere gameplay;0.0013583965231833322
atmosphere incredible;0.0013583965231833322
atmosphere soundtrack;0.0013583965231833322
audio design;0.0013583965231833322
award;0.0013583965231833322
beat hour;0.0013583965231833322
best ive;0.0013583965231833322
big nightmare;0.0013583965231833322
black;0.0013583965231833322
bleak;0.0013583965231833322
bone;0.0013583965231833322
bonus;0.0013583965231833322
bug one two;0.0013583965231833322
buy little nightmare;0.0013583965231833322
character really;0.0013583965231833322
compelling story;0.0013583965231833322
con control;0.0013583965231833322
continued;0.0013583965231833322
control frustrating;0.0013583965231833322
creepy disturbing;0.0013583965231833322
creepy time;0.0013583965231833322
creepy world;0.0013583965231833322
curious;0.0013583965231833322
definitely worth playing;0.0013583965231833322
design soundtrack;0.0013583965231833322
develop;0.0013583965231833322
difficult time;0.0013583965231833322
discount;0.0013583965231833322
disgusting;0.0013583965231833322
diverse;0.0013583965231833322
download;0.0013583965231833322
easy easy learn;0.0013583965231833322
egg;0.0013583965231833322
ending tho;0.0013583965231833322
enhance;0.0013583965231833322
evolved big;0.0013583965231833322
evolved big terrarium;0.0013583965231833322
exceeded expectation;0.0013583965231833322
family;0.0013583965231833322
fan original;0.0013583965231833322
fat;0.0013583965231833322
favorite time;0.0013583965231833322
fluid;0.0013583965231833322
fps;0.0013583965231833322
frustrating moment;0.0013583965231833322
fucked;0.0013583965231833322
fucking amazing;0.0013583965231833322
fun exciting;0.0013583965231833322
fun experience;0.0013583965231833322
fun time;0.0013583965231833322
game fun;0.0013583965231833322
girlfriend;0.0013583965231833322
graphic art;0.0013583965231833322
graphic awesome;0.0013583965231833322
guan;0.0013583965231833322
hand adorable;0.0013583965231833322
hand one;0.0013583965231833322
hard control;0.0013583965231833322
havent;0.0013583965231833322
heart pounding;0.0013583965231833322
hitboxes;0.0013583965231833322
hold hand cute;0.0013583965231833322
hope dlc;0.0013583965231833322
hou;0.0013583965231833322
hour playtime;0.0013583965231833322
hour really;0.0013583965231833322
hungry;0.0013583965231833322
initially;0.0013583965231833322
introduction;0.0013583965231833322
ish;0.0013583965231833322
jian;0.0013583965231833322
jumped;0.0013583965231833322
justify;0.0013583965231833322
kong;0.0013583965231833322
land;0.0013583965231833322
lazy;0.0013583965231833322
leading;0.0013583965231833322
liang;0.0013583965231833322
little detail;0.0013583965231833322
little nightmare play;0.0013583965231833322
little thing;0.0013583965231833322
lmao;0.0013583965231833322
locked;0.0013583965231833322
look forward;0.0013583965231833322
loved story;0.0013583965231833322
make fun;0.0013583965231833322
masterpiece one;0.0013583965231833322
music really;0.0013583965231833322
nightmare two take;0.0013583965231833322
nightmare world;0.0013583965231833322
npc;0.0013583965231833322
one beautiful;0.0013583965231833322
one chapter;0.0013583965231833322
one control;0.0013583965231833322
one creepy;0.0013583965231833322
one dlc;0.0013583965231833322
one enjoy;0.0013583965231833322
one felt;0.0013583965231833322
one masterpiece;0.0013583965231833322
one short;0.0013583965231833322
overall enjoyed;0.0013583965231833322
overall fantastic;0.0013583965231833322
overall fun;0.0013583965231833322
pay attention;0.0013583965231833322
picture;0.0013583965231833322
piss;0.0013583965231833322
play absolutely;0.0013583965231833322
play enjoyed;0.0013583965231833322
play worth;0.0013583965231833322
playing second;0.0013583965231833322
polish;0.0013583965231833322
portion;0.0013583965231833322
pre ordered;0.0013583965231833322
pretty fun;0.0013583965231833322
price worth;0.0013583965231833322
provided;0.0013583965231833322
put;0.0013583965231833322
puzzle amazing;0.0013583965231833322
puzzle creepy;0.0013583965231833322
puzzle design;0.0013583965231833322
puzzle one;0.0013583965231833322
qian;0.0013583965231833322
quiet;0.0013583965231833322
ray tracing;0.0013583965231833322
realized;0.0013583965231833322
really annoying;0.0013583965231833322
repeatedly;0.0013583965231833322
rlly;0.0013583965231833322
row;0.0013583965231833322
satisfied;0.0013583965231833322
second little nightmare;0.0013583965231833322
section really;0.0013583965231833322
ship;0.0013583965231833322
shit pant;0.0013583965231833322
short sweet;0.0013583965231833322
shotgun;0.0013583965231833322
smaller;0.0013583965231833322
song;0.0013583965231833322
sound design amazing;0.0013583965231833322
speak;0.0013583965231833322
spoiler alert;0.0013583965231833322
spooky atmosphere;0.0013583965231833322
started playing;0.0013583965231833322
stellar;0.0013583965231833322
store;0.0013583965231833322
story driven;0.0013583965231833322
story nice;0.0013583965231833322
story played;0.0013583965231833322
style story;0.0013583965231833322
succeed;0.0013583965231833322
sucked;0.0013583965231833322
super creepy;0.0013583965231833322
survival evolved big;0.0013583965231833322
teleport;0.0013583965231833322
tend;0.0013583965231833322
time control;0.0013583965231833322
time felt;0.0013583965231833322
timed;0.0013583965231833322
took hour finish;0.0013583965231833322
tracing;0.0013583965231833322
trip;0.0013583965231833322
two play;0.0013583965231833322
two take;0.0013583965231833322
unease;0.0013583965231833322
unplayable;0.0013583965231833322
us;0.0013583965231833322
visuals story;0.0013583965231833322
wait play;0.0013583965231833322
waiting sale;0.0013583965231833322
want little nightmare;0.0013583965231833322
waste money;0.0013583965231833322
waste time;0.0013583965231833322
way scarier;0.0013583965231833322
whatsoever;0.0013583965231833322
wide;0.0013583965231833322
woman;0.0013583965231833322
world feel;0.0013583965231833322
worth buy;0.0013583965231833322
zhao;0.0013583965231833322
zhu;0.0013583965231833322
absolutely phenomenal;0.0012451968129180543
accompanied;0.0012451968129180543
amazed;0.0012451968129180543
amazing plot;0.0012451968129180543
amazing puzzle;0.0012451968129180543
announced;0.0012451968129180543
appreciated;0.0012451968129180543
art music;0.0012451968129180543
atmosphere character;0.0012451968129180543
atmosphere graphic;0.0012451968129180543
atmosphere little;0.0012451968129180543
attic;0.0012451968129180543
awesome amazing;0.0012451968129180543
axis;0.0012451968129180543
badly;0.0012451968129180543
beat one;0.0012451968129180543
best ive played;0.0012451968129180543
best little;0.0012451968129180543
bit harder;0.0012451968129180543
blend;0.0012451968129180543
brain usage easy;0.0012451968129180543
brilliantly;0.0012451968129180543
bump;0.0012451968129180543
careful;0.0012451968129180543
character development;0.0012451968129180543
character stuck;0.0012451968129180543
chess;0.0012451968129180543
clip;0.0012451968129180543
clunky mechanic;0.0012451968129180543
coaster;0.0012451968129180543
cohesive;0.0012451968129180543
como;0.0012451968129180543
computer difficulty press;0.0012451968129180543
control clunky;0.0012451968129180543
cool story;0.0012451968129180543
creepy fun;0.0012451968129180543
creepy hell;0.0012451968129180543
dare;0.0012451968129180543
dark story;0.0012451968129180543
dark twisted;0.0012451968129180543
deck;0.0012451968129180543
degree;0.0012451968129180543
depends;0.0012451968129180543
design atmosphere;0.0012451968129180543
die time;0.0012451968129180543
difficulty press;0.0012451968129180543
difficulty press easy;0.0012451968129180543
dope;0.0012451968129180543
duration;0.0012451968129180543
dystopian;0.0012451968129180543
end really;0.0012451968129180543
enhanced version;0.0012451968129180543
enjoys;0.0012451968129180543
established;0.0012451968129180543
favor;0.0012451968129180543
fei;0.0012451968129180543
file;0.0012451968129180543
finished one;0.0012451968129180543
flat;0.0012451968129180543
floating;0.0012451968129180543
frustrating part;0.0012451968129180543
fuckin;0.0012451968129180543
game puzzle;0.0012451968129180543
gameplay control;0.0012451968129180543
gameplay music;0.0012451968129180543
genius;0.0012451968129180543
gift;0.0012451968129180543
gnome;0.0012451968129180543
got one;0.0012451968129180543
goty;0.0012451968129180543
grab ledge;0.0012451968129180543
graphic really;0.0012451968129180543
ground;0.0012451968129180543
guard;0.0012451968129180543
highly play;0.0012451968129180543
horror little;0.0012451968129180543
hour experience;0.0012451968129180543
house;0.0012451968129180543
igra;0.0012451968129180543
immensely;0.0012451968129180543
immerse;0.0012451968129180543
impression;0.0012451968129180543
incredible atmosphere;0.0012451968129180543
incredible experience;0.0012451968129180543
incredibly frustrating;0.0012451968129180543
indie game;0.0012451968129180543
issue control;0.0012451968129180543
jaw dropping;0.0012451968129180543
joystick;0.0012451968129180543
king;0.0012451968129180543
lacking;0.0012451968129180543
laggy;0.0012451968129180543
laugh;0.0012451968129180543
let say;0.0012451968129180543
little nightmare amazing;0.0012451968129180543
los;0.0012451968129180543
loved original;0.0012451968129180543
loved playing;0.0012451968129180543
magic;0.0012451968129180543
make way;0.0012451968129180543
making feel;0.0012451968129180543
margin error;0.0012451968129180543
master piece;0.0012451968129180543
max;0.0012451968129180543
mechanic little;0.0012451968129180543
mesmerizing;0.0012451968129180543
moved;0.0012451968129180543
music box;0.0012451968129180543
muy;0.0012451968129180543
needing;0.0012451968129180543
nerve;0.0012451968129180543
new enemy;0.0012451968129180543
new gameplay;0.0012451968129180543
ngl;0.0012451968129180543
nice touch;0.0012451968129180543
nightmare two definitely;0.0012451968129180543
nightmare two masterpiece;0.0012451968129180543
noticed;0.0012451968129180543
offering;0.0012451968129180543
one awesome;0.0012451968129180543
one best played;0.0012451968129180543
one best story;0.0012451968129180543
one greatest;0.0012451968129180543
one know;0.0012451968129180543
one overall;0.0012451968129180543
one pretty;0.0012451968129180543
one second one;0.0012451968129180543
one section;0.0012451968129180543
one three;0.0012451968129180543
one worth;0.0012451968129180543
original one;0.0012451968129180543
overcome;0.0012451968129180543
painful;0.0012451968129180543
paper bag;0.0012451968129180543
par;0.0012451968129180543
people play;0.0012451968129180543
people want;0.0012451968129180543
personally think;0.0012451968129180543
platforming puzzle;0.0012451968129180543
play highly;0.0012451968129180543
playable;0.0012451968129180543
played definitely;0.0012451968129180543
played three;0.0012451968129180543
playing really;0.0012451968129180543
plot twist end;0.0012451968129180543
press easy easy;0.0012451968129180543
pressing;0.0012451968129180543
price point;0.0012451968129180543
pricey;0.0012451968129180543
provides;0.0012451968129180543
pulled;0.0012451968129180543
punishing;0.0012451968129180543
purchased;0.0012451968129180543
puzzle element;0.0012451968129180543
puzzle make;0.0012451968129180543
quantity;0.0012451968129180543
rage quit;0.0012451968129180543
really creepy;0.0012451968129180543
really horror;0.0012451968129180543
really little nightmare;0.0012451968129180543
really short;0.0012451968129180543
really wanted;0.0012451968129180543
realy;0.0012451968129180543
refined;0.0012451968129180543
reflex;0.0012451968129180543
refuse;0.0012451968129180543
relaxing;0.0012451968129180543
relies;0.0012451968129180543
reload checkpoint;0.0012451968129180543
replayed;0.0012451968129180543
return;0.0012451968129180543
roller;0.0012451968129180543
roller coaster;0.0012451968129180543
roughly hour;0.0012451968129180543
rule;0.0012451968129180543
run away;0.0012451968129180543
saving;0.0012451968129180543
scary amazing;0.0012451968129180543
scary one;0.0012451968129180543
school hospital;0.0012451968129180543
screenshots;0.0012451968129180543
seek;0.0012451968129180543
series little;0.0012451968129180543
series one;0.0012451968129180543
sheer;0.0012451968129180543
shelf;0.0012451968129180543
sheng;0.0012451968129180543
short experience;0.0012451968129180543
short price;0.0012451968129180543
short worth;0.0012451968129180543
simply amazing;0.0012451968129180543
sneak;0.0012451968129180543
soft;0.0012451968129180543
soo;0.0012451968129180543
sooo;0.0012451968129180543
spare computer difficulty;0.0012451968129180543
spending;0.0012451968129180543
spooked;0.0012451968129180543
standing;0.0012451968129180543
story awesome;0.0012451968129180543
story based;0.0012451968129180543
story worth;0.0012451968129180543
struggled;0.0012451968129180543
take place;0.0012451968129180543
tall;0.0012451968129180543
terrarium bug one;0.0012451968129180543
terribly;0.0012451968129180543
test;0.0012451968129180543
thing little;0.0012451968129180543
thing one;0.0012451968129180543
think little nightmare;0.0012451968129180543
three really;0.0012451968129180543
till end;0.0012451968129180543
time character;0.0012451968129180543
time favorite;0.0012451968129180543
time hour;0.0012451968129180543
time overall;0.0012451968129180543
time think;0.0012451968129180543
treat;0.0012451968129180543
truly amazing;0.0012451968129180543
turning;0.0012451968129180543
two masterpiece;0.0012451968129180543
type game;0.0012451968129180543
unbelievably;0.0012451968129180543
unclear;0.0012451968129180543
understand story;0.0012451968129180543
uneasy;0.0012451968129180543
unlock;0.0012451968129180543
usage easy;0.0012451968129180543
usage easy learn;0.0012451968129180543
use flashlight;0.0012451968129180543
visual design;0.0012451968129180543
visuals sound design;0.0012451968129180543
wait one;0.0012451968129180543
way story;0.0012451968129180543
wood;0.0012451968129180543
worth price tag;0.0012451968129180543
worthy successor;0.0012451968129180543
wrote;0.0012451968129180543
year old;0.0012451968129180543
yes yes yes;0.0012451968129180543
accurate;0.0011319971026527767
action sequence;0.0011319971026527767
adventure horror;0.0011319971026527767
apparently;0.0011319971026527767
appealing;0.0011319971026527767
asking price;0.0011319971026527767
astounding;0.0011319971026527767
atmosphere horror;0.0011319971026527767
atmosphere one;0.0011319971026527767
available;0.0011319971026527767
awesome little;0.0011319971026527767
awesome one;0.0011319971026527767
bad ending;0.0011319971026527767
bad guy;0.0011319971026527767
bag head;0.0011319971026527767
beautiful atmosphere;0.0011319971026527767
buy worth;0.0011319971026527767
camera control;0.0011319971026527767
carefully;0.0011319971026527767
certain part;0.0011319971026527767
consistent;0.0011319971026527767
control camera;0.0011319971026527767
control one;0.0011319971026527767
delete;0.0011319971026527767
delivered;0.0011319971026527767
demand;0.0011319971026527767
design graphic;0.0011319971026527767
design really;0.0011319971026527767
designer;0.0011319971026527767
dialog;0.0011319971026527767
difficulity;0.0011319971026527767
distorted;0.0011319971026527767
dlc little;0.0011319971026527767
dlc one;0.0011319971026527767
ending got;0.0011319971026527767
ending left;0.0011319971026527767
ending little nightmare;0.0011319971026527767
entry series;0.0011319971026527767
environmental storytelling;0.0011319971026527767
equal;0.0011319971026527767
exit;0.0011319971026527767
express;0.0011319971026527767
extremely frustrating;0.0011319971026527767
failure;0.0011319971026527767
favorite game time;0.0011319971026527767
feel one;0.0011319971026527767
followup;0.0011319971026527767
foreboding;0.0011319971026527767
get stuck;0.0011319971026527767
getting used;0.0011319971026527767
grandma requirement;0.0011319971026527767
grandma requirement check;0.0011319971026527767
graphic design;0.0011319971026527767
hall;0.0011319971026527767
hide seek;0.0011319971026527767
highly little;0.0011319971026527767
history;0.0011319971026527767
horrifyingly;0.0011319971026527767
horror amazing;0.0011319971026527767
horror little nightmare;0.0011319971026527767
improving;0.0011319971026527767
interpret;0.0011319971026527767
led;0.0011319971026527767
left feeling;0.0011319971026527767
limited;0.0011319971026527767
make experience;0.0011319971026527767
maybe little;0.0011319971026527767
melee;0.0011319971026527767
met;0.0011319971026527767
music visuals;0.0011319971026527767
necessarily;0.0011319971026527767
need know;0.0011319971026527767
nice graphic;0.0011319971026527767
one bad;0.0011319971026527767
one far;0.0011319971026527767
one playing;0.0011319971026527767
one point;0.0011319971026527767
one try;0.0011319971026527767
oppressive;0.0011319971026527767
pattern;0.0011319971026527767
percent;0.0011319971026527767
perfect timing;0.0011319971026527767
piano;0.0011319971026527767
play definitely;0.0011319971026527767
post;0.0011319971026527767
prepare;0.0011319971026527767
prequel sequel;0.0011319971026527767
pretty cool;0.0011319971026527767
prior;0.0011319971026527767
promise;0.0011319971026527767
providing;0.0011319971026527767
raincoat girl;0.0011319971026527767
really enjoying;0.0011319971026527767
really frustrating;0.0011319971026527767
really got;0.0011319971026527767
really need;0.0011319971026527767
redo;0.0011319971026527767
refreshing;0.0011319971026527767
resolution;0.0011319971026527767
screw;0.0011319971026527767
sexy;0.0011319971026527767
share;0.0011319971026527767
sluggish;0.0011319971026527767
smashing;0.0011319971026527767
social;0.0011319971026527767
spend time;0.0011319971026527767
spent hour;0.0011319971026527767
spin;0.0011319971026527767
spooky scary;0.0011319971026527767
sprint;0.0011319971026527767
story left;0.0011319971026527767
superior;0.0011319971026527767
surely;0.0011319971026527767
surpasses;0.0011319971026527767
surprisingly;0.0011319971026527767
symbolism;0.0011319971026527767
tale;0.0011319971026527767
target;0.0011319971026527767
tea;0.0011319971026527767
teamwork;0.0011319971026527767
teen adult grandma;0.0011319971026527767
time experience;0.0011319971026527767
time highly;0.0011319971026527767
took hour complete;0.0011319971026527767
unreal;0.0011319971026527767
upgrade;0.0011319971026527767
usage difficult;0.0011319971026527767
usage difficult dark;0.0011319971026527767
want know;0.0011319971026527767
wanting play;0.0011319971026527767
warrant;0.0011319971026527767
way one;0.0011319971026527767
xin;0.0011319971026527767
year ago;0.0011319971026527767
yell;0.0011319971026527767
